latitude,longitude,acq_date,frp,confidence,instrument
29.162449948588833,74.03534516529619,2026-09-12,4.729493020357757,h,VIIRS_SNPP_NRT
27.542817633142533,73.61770007591012,2026-09-12,2.5826907568111928,h,VIIRS_SNPP_NRT
30.864658488383988,75.26199865217922,2026-09-12,2.713141586155346,h,VIIRS_SNPP_NRT
30.57243230108134,73.88117424828579,2026-09-12,4.7708946439505,h,VIIRS_SNPP_NRT
28.277417442805202,74.09516692278395,2026-09-12,20.62788129683796,h,VIIRS_SNPP_NRT
27.501003805681677,75.07008332619031,2026-09-12,2.350166249405688,h,VIIRS_SNPP_NRT
30.21527565255849,76.31578345453396,2026-09-12,4.869806234030225,h,VIIRS_SNPP_NRT
31.3882050299802,74.22862016694361,2026-09-12,18.325542003527143,h,VIIRS_SNPP_NRT
28.13410167790392,77.4406065154387,2026-09-12,4.657911860751415,h,VIIRS_SNPP_NRT
28.271837218704654,73.8471938148049,2026-09-12,3.044012686726944,h,VIIRS_SNPP_NRT
31.819519322282247,75.22315265574737,2026-09-12,17.893733886613084,h,VIIRS_SNPP_NRT
31.648904383209327,74.4241990465373,2026-09-12,12.472533901010692,h,VIIRS_SNPP_NRT
27.579550908083565,75.78981753660523,2026-09-12,16.43843901877416,h,VIIRS_SNPP_NRT
29.918380182468926,75.51928449138781,2026-09-12,8.127209273868058,h,VIIRS_SNPP_NRT
30.011836680010614,77.10493943609887,2026-09-12,24.05698814952406,h,VIIRS_SNPP_NRT
30.160187261967504,75.47564929647822,2026-09-12,8.767984199697477,h,VIIRS_SNPP_NRT
27.666044268066294,75.38586664107828,2026-09-12,18.94145924573764,h,VIIRS_SNPP_NRT
31.593621116887313,74.74045263054165,2026-09-12,3.162863151491469,h,VIIRS_SNPP_NRT
32.38437081373151,73.81074110255345,2026-09-12,20.891222231924406,h,VIIRS_SNPP_NRT
30.23656088550532,74.05622103040571,2026-09-12,23.65025664852958,h,VIIRS_SNPP_NRT
30.7879696935132,75.2774005991786,2026-09-12,9.14305893127796,h,VIIRS_SNPP_NRT
29.649033941956233,76.01896841527086,2026-09-12,5.4730576490270035,h,VIIRS_SNPP_NRT
30.79704763679459,76.042750582636,2026-09-12,10.663607801516042,h,VIIRS_SNPP_NRT
30.422768908021848,74.5604133846808,2026-09-12,4.137988389943165,h,VIIRS_SNPP_NRT
28.748467898659033,76.26375701018412,2026-09-12,2.4669230749957354,h,VIIRS_SNPP_NRT
29.518039336527668,74.06539726948185,2026-09-12,4.161202433212861,h,VIIRS_SNPP_NRT
29.391478175827128,74.65454346171758,2026-09-12,19.345063290012064,h,VIIRS_SNPP_NRT
31.518193589414253,75.60949383609957,2026-09-12,18.69523103774099,h,VIIRS_SNPP_NRT
30.40480985906027,74.77530585220312,2026-09-12,6.223606993920915,h,VIIRS_SNPP_NRT
28.771791696823534,73.65235965684073,2026-09-12,14.736312282203146,h,VIIRS_SNPP_NRT
28.199113107205285,73.96620751644839,2026-09-12,10.614754588220006,h,VIIRS_SNPP_NRT
29.885246559656597,76.8306432524615,2026-09-12,10.531041441733354,h,VIIRS_SNPP_NRT
28.853684100467905,75.55494429444335,2026-09-12,17.610132926905337,h,VIIRS_SNPP_NRT
29.593215526189386,73.59616272113207,2026-09-12,4.667982591930703,h,VIIRS_SNPP_NRT
30.5412086026656,76.9936641195227,2026-09-12,14.858167735299123,h,VIIRS_SNPP_NRT
32.15916107652137,76.97158622360574,2026-09-12,5.473239819593555,h,VIIRS_SNPP_NRT
29.480719078983267,74.60101814534613,2026-09-12,5.150860075755626,h,VIIRS_SNPP_NRT
31.402594012850585,76.41631078838569,2026-09-12,25.361924687116066,h,VIIRS_SNPP_NRT
32.14186129891855,73.54021459701133,2026-09-12,23.902154729976203,h,VIIRS_SNPP_NRT
30.817280954068,74.4419064109969,2026-09-12,18.406431562978568,h,VIIRS_SNPP_NRT
31.589701892248048,76.96141096166805,2026-09-12,6.517113892857968,h,VIIRS_SNPP_NRT
28.870957475841653,74.65600873187026,2026-09-12,23.68106308360303,h,VIIRS_SNPP_NRT
32.08412059977168,75.3111737654216,2026-09-12,10.971444013428695,h,VIIRS_SNPP_NRT
28.356225124190306,73.67658699342142,2026-09-12,8.069174437753844,h,VIIRS_SNPP_NRT
31.255922316845886,76.33942607764057,2026-09-12,21.34770015608927,h,VIIRS_SNPP_NRT
29.35254495547085,75.26769140865837,2026-09-12,10.999677739195477,h,VIIRS_SNPP_NRT
30.766936403034794,75.20286941339738,2026-09-12,8.348053196636428,h,VIIRS_SNPP_NRT
31.553185988010306,76.05884954449063,2026-09-12,12.3518391863167,h,VIIRS_SNPP_NRT
30.893179788711556,73.85270468030794,2026-09-12,6.345889936940795,h,VIIRS_SNPP_NRT
29.244664065779318,75.19834024138582,2026-09-12,12.953065224483328,h,VIIRS_SNPP_NRT
28.542934492516576,77.07793436917282,2026-09-12,22.03910773401852,h,VIIRS_SNPP_NRT
29.719891830530543,76.98080815501046,2026-09-12,6.243003509094508,h,VIIRS_SNPP_NRT
28.60887401643912,75.05625134267228,2026-09-12,22.053260066728328,h,VIIRS_SNPP_NRT
30.970551706524247,77.116101935828,2026-09-12,2.0184437292622706,h,VIIRS_SNPP_NRT
30.447839622792255,75.52660153341958,2026-09-12,5.245123498987528,h,VIIRS_SNPP_NRT
31.97204050716408,74.77920669599395,2026-09-12,5.165728760162857,h,VIIRS_SNPP_NRT
29.637551237024322,74.48050629185789,2026-09-12,44.82311965229833,h,VIIRS_SNPP_NRT
29.125586772504487,77.07066993799347,2026-09-12,10.4549883370666,h,VIIRS_SNPP_NRT
29.2807880585704,76.91085403098019,2026-09-12,10.391980769563075,h,VIIRS_SNPP_NRT
31.7598277121611,74.32558549438698,2026-09-12,5.369559500564982,h,VIIRS_SNPP_NRT
31.47449046036401,76.39677637100515,2026-09-12,29.6571465254934,h,VIIRS_SNPP_NRT
31.243953699864832,76.71388067547966,2026-09-12,7.696530592831985,h,VIIRS_SNPP_NRT
29.77340396671114,77.17584603110959,2026-09-12,10.304495681840288,h,VIIRS_SNPP_NRT
30.787838073896488,76.37000901536993,2026-09-12,5.118038498093187,h,VIIRS_SNPP_NRT
30.64776967167824,74.13955134071225,2026-09-12,4.9471643267667655,h,VIIRS_SNPP_NRT
29.41259761866491,75.76665919323881,2026-09-12,27.322961765698516,h,VIIRS_SNPP_NRT
28.815494542316898,75.92606238822583,2026-09-12,4.238020352235776,h,VIIRS_SNPP_NRT
29.486994710728766,73.54275647324702,2026-09-12,2.21162659285256,h,VIIRS_SNPP_NRT
29.716279242768792,73.57493180812116,2026-09-12,3.637248433873604,h,VIIRS_SNPP_NRT
28.47392879455185,74.83539242829929,2026-09-12,15.445370460118957,h,VIIRS_SNPP_NRT
29.334353843274027,76.42603108309235,2026-09-12,27.493364427813408,h,VIIRS_SNPP_NRT
32.37224451690096,76.96335376946797,2026-09-12,2.2245735405675884,h,VIIRS_SNPP_NRT
31.149640558624693,74.47435977251125,2026-09-12,17.407362123231998,h,VIIRS_SNPP_NRT
32.38804385272621,77.01730312552951,2026-09-12,15.062338458910482,h,VIIRS_SNPP_NRT
29.091136741859245,75.79245788718154,2026-09-12,9.831531242113071,h,VIIRS_SNPP_NRT
29.691336877051334,74.81494094395009,2026-09-12,17.178086241851414,h,VIIRS_SNPP_NRT
29.433116398849155,74.29984293579734,2026-09-12,20.004092360079937,h,VIIRS_SNPP_NRT
30.902836713330917,75.34013626493045,2026-09-12,13.961549765904955,h,VIIRS_SNPP_NRT
30.95060687860939,73.69293425312611,2026-09-12,11.670751622701529,h,VIIRS_SNPP_NRT
28.09480550818137,74.15846590169255,2026-09-12,19.656329384884202,h,VIIRS_SNPP_NRT
31.618143973991135,77.13561631096584,2026-09-12,2.5671808137978127,h,VIIRS_SNPP_NRT
31.6413457019495,74.16963517296666,2026-09-12,20.994089796159432,h,VIIRS_SNPP_NRT
27.55362489043246,76.80849559855707,2026-09-12,12.489125456088892,h,VIIRS_SNPP_NRT
32.48121872687035,75.48973073287165,2026-09-12,21.388959819228656,h,VIIRS_SNPP_NRT
30.139101375781387,76.95907240101752,2026-09-12,13.549688720074547,h,VIIRS_SNPP_NRT
29.201204486057957,75.840321732399,2026-09-12,8.414329228245359,h,VIIRS_SNPP_NRT
28.580888209139253,74.90205257972602,2026-09-12,2.840709575187006,h,VIIRS_SNPP_NRT
29.810866045650354,76.69184944466329,2026-09-12,20.907829850736967,h,VIIRS_SNPP_NRT
29.36327805515387,73.6294423362659,2026-09-12,12.025586163876126,h,VIIRS_SNPP_NRT
30.625750470499472,75.84287025088797,2026-09-12,7.505280157361793,h,VIIRS_SNPP_NRT
28.601706407552125,74.49734616219604,2026-09-12,10.155105000041434,h,VIIRS_SNPP_NRT
29.509999029723325,75.9234166147473,2026-09-12,8.554880936183768,h,VIIRS_SNPP_NRT
32.085890512748456,77.37205926273279,2026-09-12,29.754956552889993,h,VIIRS_SNPP_NRT
31.80109036709421,77.12736859916275,2026-09-12,15.295449755896929,h,VIIRS_SNPP_NRT
31.586884985216095,76.65500876303034,2026-09-12,13.706159747500491,h,VIIRS_SNPP_NRT
32.4056818614571,74.10830974869221,2026-09-12,2.6618416423619835,h,VIIRS_SNPP_NRT
30.240361882858927,73.82752145988592,2026-09-12,2.0500477701840762,h,VIIRS_SNPP_NRT
31.227083801784044,73.65214018310033,2026-09-12,7.446957501293207,h,VIIRS_SNPP_NRT
30.158783483711815,76.30026763400853,2026-09-12,2.03011812724782,h,VIIRS_SNPP_NRT
30.100344674373257,76.51434528312457,2026-09-12,11.908792978449334,h,VIIRS_SNPP_NRT
30.290130940561937,75.96327970340505,2026-09-12,8.031880305227531,h,VIIRS_SNPP_NRT
28.581725315382343,77.45552764508591,2026-09-12,17.373625127455718,h,VIIRS_SNPP_NRT
32.315690610851604,77.10677249500819,2026-09-12,11.790123416576359,h,VIIRS_SNPP_NRT
31.48745927224905,74.6383040888677,2026-09-12,10.166696410294863,h,VIIRS_SNPP_NRT
31.649028992695392,76.14008132172252,2026-09-12,7.3161118233051186,h,VIIRS_SNPP_NRT
31.78447421952974,73.61973133774856,2026-09-12,31.211462621404685,h,VIIRS_SNPP_NRT
30.89610180569855,73.95111323999683,2026-09-12,25.149610176223515,h,VIIRS_SNPP_NRT
29.96419911718945,74.62902770501421,2026-09-12,35.10405157064556,h,VIIRS_SNPP_NRT
30.304905900179655,76.62627629048097,2026-09-12,12.55450314887983,h,VIIRS_SNPP_NRT
30.675371956443605,76.77484398801002,2026-09-12,8.810328162810784,h,VIIRS_SNPP_NRT
30.99187004256474,76.65013069006227,2026-09-12,12.291747513155077,h,VIIRS_SNPP_NRT
29.42162078255921,75.13325720360594,2026-09-12,5.47229039027428,h,VIIRS_SNPP_NRT
31.484268251615433,77.35769306968581,2026-09-12,7.8538331947234035,h,VIIRS_SNPP_NRT
29.87081393399174,75.86489019948019,2026-09-12,9.499532139132253,h,VIIRS_SNPP_NRT
28.780907283362804,75.82351968603162,2026-09-12,6.891574632776365,h,VIIRS_SNPP_NRT
32.07602833356229,73.51813665245359,2026-09-12,4.209470610964571,h,VIIRS_SNPP_NRT
31.477379832729554,75.61635978894589,2026-09-12,4.872983419357705,h,VIIRS_SNPP_NRT
28.43715760127875,76.59217285209093,2026-09-12,27.092213416210775,h,VIIRS_SNPP_NRT
29.509574731913805,74.63644931344504,2026-09-12,25.90705045744803,h,VIIRS_SNPP_NRT
30.033780035120458,76.7678557245982,2026-09-12,5.123123607999535,h,VIIRS_SNPP_NRT
28.446387410015898,74.58962765329977,2026-09-12,15.132265058818472,h,VIIRS_SNPP_NRT
28.648715784109157,75.73721930762285,2026-09-12,5.200474862885917,h,VIIRS_SNPP_NRT
30.573442441671045,76.40983186216562,2026-09-12,4.131853774220643,h,VIIRS_SNPP_NRT
30.544147173355864,77.13018580348773,2026-09-12,7.435928898587463,h,VIIRS_SNPP_NRT
29.017083922457367,75.39911393294886,2026-09-12,5.267950748493687,h,VIIRS_SNPP_NRT
31.131122790985074,76.06343560961827,2026-09-12,3.3742325593680147,h,VIIRS_SNPP_NRT
29.920950339307055,74.71006368343147,2026-09-12,7.283989621867001,h,VIIRS_SNPP_NRT
30.136556140775582,77.4791570460991,2026-09-12,11.684849733114522,h,VIIRS_SNPP_NRT
30.463647806115787,75.68044198655649,2026-09-12,6.523335093322968,h,VIIRS_SNPP_NRT
30.22831903529333,75.70724114623576,2026-09-12,4.094501820691459,h,VIIRS_SNPP_NRT
27.908168706513756,76.90930346078856,2026-09-12,14.663079426194868,h,VIIRS_SNPP_NRT
27.932294290180895,76.46362215017399,2026-09-12,32.29257245189571,h,VIIRS_SNPP_NRT
29.222901419350535,73.55372140448577,2026-09-12,5.617905157183717,h,VIIRS_SNPP_NRT
31.43518155316057,76.71646723683716,2026-09-12,2.4540365779342803,h,VIIRS_SNPP_NRT
31.676810911642143,74.71875243059542,2026-09-12,11.97092918841237,h,VIIRS_SNPP_NRT
31.815334532588743,75.72868836049997,2026-09-12,34.702031793719605,h,VIIRS_SNPP_NRT
30.126435972299095,76.94443573211257,2026-09-12,4.799200695441325,h,VIIRS_SNPP_NRT
31.937823079397113,75.87528693579875,2026-09-12,18.786835683690022,h,VIIRS_SNPP_NRT
30.411207992236207,74.61393410198752,2026-09-12,7.8332323431124316,h,VIIRS_SNPP_NRT
28.636050075044313,74.18824431913254,2026-09-12,23.145685064135687,h,VIIRS_SNPP_NRT
32.12548035054504,73.757285072634,2026-09-12,22.61467458072417,h,VIIRS_SNPP_NRT
32.38634177402559,74.66439858728995,2026-09-12,25.985953307342736,h,VIIRS_SNPP_NRT
28.97285919048915,76.52986198238992,2026-09-12,9.889001336613852,h,VIIRS_SNPP_NRT
27.59065266544559,76.53309521787224,2026-09-12,4.088170534296797,h,VIIRS_SNPP_NRT
31.326981423360603,75.50791393791964,2026-09-12,6.194786521564558,h,VIIRS_SNPP_NRT
32.420438966221184,75.45914947657158,2026-09-12,3.8568419792931934,h,VIIRS_SNPP_NRT
31.874429945676816,76.59705972195852,2026-09-12,2.017097751060079,h,VIIRS_SNPP_NRT
30.922540433889964,76.44769525501934,2026-09-12,7.2501977480279916,h,VIIRS_SNPP_NRT
29.03707721580001,74.54168690454422,2026-09-12,12.469616656013947,h,VIIRS_SNPP_NRT
31.19239016042718,74.70735502068301,2026-09-12,13.913074495079128,h,VIIRS_SNPP_NRT
28.237425482170032,75.193381610804,2026-09-12,9.495387957025422,h,VIIRS_SNPP_NRT
28.664818461226442,75.85284070310668,2026-09-12,11.481638044310632,h,VIIRS_SNPP_NRT
28.409323002216016,77.28264533609119,2026-09-12,5.590073602261248,h,VIIRS_SNPP_NRT
31.999943787948578,73.59525527263122,2026-09-12,2.07339558127525,h,VIIRS_SNPP_NRT
30.274198374337622,76.90992451028086,2026-09-12,12.185269888373265,h,VIIRS_SNPP_NRT
28.770487343829313,74.74692574948634,2026-09-12,11.866141641029527,h,VIIRS_SNPP_NRT
32.38370358860239,73.86964268345166,2026-09-12,17.111972892704777,h,VIIRS_SNPP_NRT
29.982926988744403,74.51160600039219,2026-09-12,4.503660655655708,h,VIIRS_SNPP_NRT
28.628211951255203,76.04018173052101,2026-09-12,7.911782886376353,h,VIIRS_SNPP_NRT
29.555366767003772,73.93676140526587,2026-09-12,4.369661105613891,h,VIIRS_SNPP_NRT
31.968854553475172,76.75194936917283,2026-09-12,2.8873812944594923,h,VIIRS_SNPP_NRT
32.0504661080582,74.52101876819924,2026-09-12,2.087777264795185,h,VIIRS_SNPP_NRT
30.131761662690298,73.74310072646226,2026-09-12,9.791391658742025,h,VIIRS_SNPP_NRT
31.950453024068366,77.3634595317766,2026-09-12,17.660746883656387,h,VIIRS_SNPP_NRT
31.53806323058376,75.85106435954457,2026-09-12,4.318172727344614,h,VIIRS_SNPP_NRT
28.688472082918747,75.75955090683713,2026-09-12,15.197545930322352,h,VIIRS_SNPP_NRT
28.921236177829595,77.33664057183401,2026-09-12,27.753043953030634,h,VIIRS_SNPP_NRT
27.72869984073886,74.85995617356211,2026-09-12,37.10478454735553,h,VIIRS_SNPP_NRT
30.691954545250482,75.40254065408402,2026-09-12,13.178221672358307,h,VIIRS_SNPP_NRT
27.62124709740848,75.0575327732386,2026-09-12,2.8551006577461204,h,VIIRS_SNPP_NRT
28.32169719746523,77.29492051257736,2026-09-12,32.034675261196654,h,VIIRS_SNPP_NRT
29.85803184487667,74.75564193447303,2026-09-12,2.274993300401302,h,VIIRS_SNPP_NRT
29.879049096393494,77.40298588701364,2026-09-12,11.631393628341495,h,VIIRS_SNPP_NRT
29.19963616757838,77.16539631987249,2026-09-12,7.792530995163267,h,VIIRS_SNPP_NRT
30.866044196653117,75.37161632696204,2026-09-12,4.98036751359218,h,VIIRS_SNPP_NRT
31.057107218177958,74.15641409072148,2026-09-12,10.086709648966147,h,VIIRS_SNPP_NRT
32.26961257169525,76.81223897693435,2026-09-12,15.08175693763107,h,VIIRS_SNPP_NRT
27.592144526764184,75.69772739159703,2026-09-12,26.203170397524396,h,VIIRS_SNPP_NRT
29.92862202060187,74.00397845974939,2026-09-12,3.882369322787209,h,VIIRS_SNPP_NRT
29.99433074427436,76.72918804692976,2026-09-12,8.585221444998922,h,VIIRS_SNPP_NRT
30.438969796198563,76.80892700922286,2026-09-12,8.523262893660096,h,VIIRS_SNPP_NRT
32.17889880304962,76.08835368486635,2026-09-12,6.9103266027995325,h,VIIRS_SNPP_NRT
28.180785658566702,77.12813819189357,2026-09-12,6.983891014466321,h,VIIRS_SNPP_NRT
29.87436849379825,74.73897067659061,2026-09-12,4.677736199876514,h,VIIRS_SNPP_NRT
31.780033165303035,74.95241033287608,2026-09-12,4.568809536218099,h,VIIRS_SNPP_NRT
27.813869003930886,75.41592625849854,2026-09-12,2.1733345560260933,h,VIIRS_SNPP_NRT
30.822339923876648,75.7673786144451,2026-09-12,6.4650154484245475,h,VIIRS_SNPP_NRT
32.21806080256453,77.06678977389093,2026-09-12,4.619657780536989,h,VIIRS_SNPP_NRT
31.358970584356683,75.12116490216826,2026-09-12,22.901274462340595,h,VIIRS_SNPP_NRT
32.43376937952511,74.43303757006154,2026-09-12,13.741131032766523,h,VIIRS_SNPP_NRT
27.591372427758124,77.31353566580982,2026-09-12,10.389907977927644,h,VIIRS_SNPP_NRT
30.30817006581097,77.083165679591,2026-09-12,22.537483341170024,h,VIIRS_SNPP_NRT
27.60911105230436,73.83220464750785,2026-09-12,9.85445871810034,h,VIIRS_SNPP_NRT
30.394004907318145,74.8208172754361,2026-09-12,22.713510316200065,h,VIIRS_SNPP_NRT
31.942145200184903,75.42280123364901,2026-09-12,2.9069011971233008,h,VIIRS_SNPP_NRT
30.272581629487327,74.88609093458413,2026-09-12,2.5627376631002594,h,VIIRS_SNPP_NRT
30.921284550041946,76.00520126704853,2026-09-12,46.68892693416352,h,VIIRS_SNPP_NRT
31.309883365507194,75.19577630727684,2026-09-12,10.217562866118376,h,VIIRS_SNPP_NRT
29.886223536702477,75.37531321835347,2026-09-12,16.8063465194535,h,VIIRS_SNPP_NRT
28.870921230559922,76.33154915815537,2026-09-12,3.792557202954287,h,VIIRS_SNPP_NRT
29.839908719672966,73.77129191412975,2026-09-12,3.9780771965905517,h,VIIRS_SNPP_NRT
30.40950666268771,74.06963845593441,2026-09-12,50.578146751596606,h,VIIRS_SNPP_NRT
30.180318664177314,76.26726503835711,2026-09-12,20.837954723319935,h,VIIRS_SNPP_NRT
29.793552611876873,77.07898679013785,2026-09-12,21.638230453244795,h,VIIRS_SNPP_NRT
30.813667081530284,75.46092228925184,2026-09-12,20.26088831971177,h,VIIRS_SNPP_NRT
30.776494327526752,76.13283732230481,2026-09-12,13.029635647157923,h,VIIRS_SNPP_NRT
30.08890728845413,76.49630123810508,2026-09-12,4.643256105170266,h,VIIRS_SNPP_NRT
28.188138094043936,75.83819253113482,2026-09-12,31.388319206103873,h,VIIRS_SNPP_NRT
29.741531693211602,74.45812648506141,2026-09-12,2.4221187524953125,h,VIIRS_SNPP_NRT
32.207429548890154,74.1342528156801,2026-09-12,35.38069678391318,h,VIIRS_SNPP_NRT
30.271089808532565,74.40874503093413,2026-09-12,10.410150439873439,h,VIIRS_SNPP_NRT
30.07150241647955,73.93832374398828,2026-09-12,18.01886420835155,h,VIIRS_SNPP_NRT
27.50904356739191,75.96207139648905,2026-09-12,5.341696056165091,h,VIIRS_SNPP_NRT
29.717880273973204,75.93890491636472,2026-09-12,4.597770604466538,h,VIIRS_SNPP_NRT
27.617365901531088,75.54618656726817,2026-09-12,7.662867172103349,h,VIIRS_SNPP_NRT
27.7813180960131,76.21483824428766,2026-09-12,5.865036928316934,h,VIIRS_SNPP_NRT
31.863094989081098,74.89666565874482,2026-09-12,17.33706013676873,h,VIIRS_SNPP_NRT
29.785230165615403,75.28066433817517,2026-09-12,19.53125378172617,h,VIIRS_SNPP_NRT
31.03839358706381,76.63260144317331,2026-09-12,5.393483245988987,h,VIIRS_SNPP_NRT
28.079084370414908,76.62766226164035,2026-09-12,17.601721029247138,h,VIIRS_SNPP_NRT
30.310837639941965,73.88799738251413,2026-09-12,6.857688113260524,h,VIIRS_SNPP_NRT
32.1695630478866,73.52171469428187,2026-09-12,18.04579660122994,h,VIIRS_SNPP_NRT
28.071911084205567,75.33422314390172,2026-09-12,8.05859157896769,h,VIIRS_SNPP_NRT
29.01974212340895,74.53591397436213,2026-09-12,8.858395829185355,h,VIIRS_SNPP_NRT
32.142057409243,74.47739984096073,2026-09-12,13.102003157530024,h,VIIRS_SNPP_NRT
30.12397501039687,76.57422806010997,2026-09-12,7.543022849780477,h,VIIRS_SNPP_NRT
31.798217238211755,76.3592174756119,2026-09-12,10.20088026041502,h,VIIRS_SNPP_NRT
32.38127345282205,75.75430389577556,2026-09-12,36.49233234589591,h,VIIRS_SNPP_NRT
28.683913623140594,76.7989988496536,2026-09-12,11.81779237155891,h,VIIRS_SNPP_NRT
28.742387449812448,75.23077769500891,2026-09-12,11.413833430117126,h,VIIRS_SNPP_NRT
32.25506892184115,76.02793982218054,2026-09-12,6.297610660625353,h,VIIRS_SNPP_NRT
30.80729136149547,75.50518248854884,2026-09-12,9.19486218338903,h,VIIRS_SNPP_NRT
29.543643056536506,74.53001293292601,2026-09-12,3.7685342347008666,h,VIIRS_SNPP_NRT
30.580594464904436,75.10907101911722,2026-09-12,13.92517336768969,h,VIIRS_SNPP_NRT
28.152851310646327,73.56709439480461,2026-09-12,8.635485665224412,h,VIIRS_SNPP_NRT
30.017938753755413,75.0608777431516,2026-09-12,4.005031209737972,h,VIIRS_SNPP_NRT
28.59817363605735,73.77503496017391,2026-09-12,9.789412048890867,h,VIIRS_SNPP_NRT
28.651678794536828,74.01875621155743,2026-09-12,10.070591077232688,h,VIIRS_SNPP_NRT
29.660810644506295,76.24031218741649,2026-09-12,4.584063291596404,h,VIIRS_SNPP_NRT
29.808350459733756,76.42183321451708,2026-09-12,12.501803164310457,h,VIIRS_SNPP_NRT
31.510887849403407,74.07891910042638,2026-09-12,6.508321769176004,h,VIIRS_SNPP_NRT
29.833290968266446,77.32901089743287,2026-09-12,17.727123876538915,h,VIIRS_SNPP_NRT
29.169669349635107,75.89641823454407,2026-09-12,6.040282518035161,h,VIIRS_SNPP_NRT
30.560161349231656,76.46083412319852,2026-09-12,18.367901964652834,h,VIIRS_SNPP_NRT
28.76169550508784,74.52849021774439,2026-09-12,6.368191889506137,h,VIIRS_SNPP_NRT
30.386802333759874,77.41221168525904,2026-09-12,2.688704388587225,h,VIIRS_SNPP_NRT
30.20404888654081,75.81193804953469,2026-09-12,56.252076226289425,h,VIIRS_SNPP_NRT
29.7738906348322,76.16137760374409,2026-09-12,22.914370801104454,h,VIIRS_SNPP_NRT
28.626813491252424,77.15269838455981,2026-09-12,10.687485419464531,h,VIIRS_SNPP_NRT
27.671043490002724,75.6764815054591,2026-09-12,2.4430624980187687,h,VIIRS_SNPP_NRT
31.287071521909052,74.70716986586687,2026-09-12,9.028441086702763,h,VIIRS_SNPP_NRT
32.17358727359937,77.07891681256378,2026-09-12,10.739098070946776,h,VIIRS_SNPP_NRT
31.01032983279459,73.79022127913592,2026-09-12,8.787234854737436,h,VIIRS_SNPP_NRT
31.023101446268257,76.96306998661021,2026-09-12,40.762691139972496,h,VIIRS_SNPP_NRT
31.11421826475101,74.44690638503859,2026-09-12,39.15910384563547,h,VIIRS_SNPP_NRT
28.419926135224397,77.19879273802691,2026-09-12,11.350818344267774,h,VIIRS_SNPP_NRT
27.825984477362862,76.9858182030202,2026-09-12,2.793240552804637,h,VIIRS_SNPP_NRT
30.672792670460424,75.95686905856306,2026-09-12,10.125217380934398,h,VIIRS_SNPP_NRT
32.203341694408046,75.16004534791077,2026-09-12,15.775728673819586,h,VIIRS_SNPP_NRT
29.899452074481086,76.7159057895515,2026-09-12,10.478922497215013,h,VIIRS_SNPP_NRT
29.34574175105139,76.5122173046059,2026-09-12,13.811465185655797,h,VIIRS_SNPP_NRT
32.121569075750806,75.31712899290194,2026-09-12,2.0635569444882322,h,VIIRS_SNPP_NRT
31.21679225279365,76.20029986623824,2026-09-12,2.403751022671814,h,VIIRS_SNPP_NRT
31.53685240848855,76.62654769471051,2026-09-12,4.053232071815499,h,VIIRS_SNPP_NRT
27.54186485918648,75.72205119058077,2026-09-12,6.522127621828177,h,VIIRS_SNPP_NRT
31.676545196292345,77.1361302842425,2026-09-12,6.691272601173242,h,VIIRS_SNPP_NRT
31.899898182108867,76.50613322523627,2026-09-12,20.764168343083508,h,VIIRS_SNPP_NRT
28.598985838670743,75.67346238356373,2026-09-12,2.073113153291169,h,VIIRS_SNPP_NRT
31.275330130285557,74.98843628708954,2026-09-12,5.802227234344582,h,VIIRS_SNPP_NRT
30.514308852415844,77.07672746260256,2026-09-12,2.4609193580981112,h,VIIRS_SNPP_NRT
32.09477054786477,76.26718601361863,2026-09-12,4.880948856685409,h,VIIRS_SNPP_NRT
28.840827106791583,74.62974785239994,2026-09-12,5.581016132287974,h,VIIRS_SNPP_NRT
29.254278593889865,77.01448815049717,2026-09-12,3.2498539924368464,h,VIIRS_SNPP_NRT
29.226826120380533,76.01930391273571,2026-09-12,7.775976460508061,h,VIIRS_SNPP_NRT
28.929701793451,74.58372720925198,2026-09-12,16.246079109826745,h,VIIRS_SNPP_NRT
30.66296995085096,75.37594612475233,2026-09-12,3.703581461033732,h,VIIRS_SNPP_NRT
29.258898058394333,77.48231991881912,2026-09-12,7.385055366995144,h,VIIRS_SNPP_NRT
30.034845281990314,76.33734841141884,2026-09-12,16.32600529884153,h,VIIRS_SNPP_NRT
30.14895480489398,75.63120025436548,2026-09-12,2.3310494876056014,h,VIIRS_SNPP_NRT
27.971289340591873,73.78498093353706,2026-09-12,41.488000310469495,h,VIIRS_SNPP_NRT
31.62610861217409,75.8558249199618,2026-09-12,6.706319486261426,h,VIIRS_SNPP_NRT
28.786225838973042,76.09417806324306,2026-09-12,12.997264478335072,h,VIIRS_SNPP_NRT
29.11180407616612,76.29344884866352,2026-09-12,12.194391574830114,h,VIIRS_SNPP_NRT
30.61626322856462,76.63316341659258,2026-09-12,6.711061196469558,h,VIIRS_SNPP_NRT
30.049766068478807,74.01608266404006,2026-09-12,7.3130856073147505,h,VIIRS_SNPP_NRT
29.494189723710864,76.50105243913548,2026-09-12,2.145586505270401,h,VIIRS_SNPP_NRT
27.801204393204728,76.82084876484068,2026-09-12,12.277272962255505,h,VIIRS_SNPP_NRT
28.961159592977314,75.22669567804861,2026-09-12,19.64166607003522,h,VIIRS_SNPP_NRT
32.00542399472499,75.38445503940396,2026-09-12,5.010003756396953,h,VIIRS_SNPP_NRT
29.68506235637429,73.77661985326682,2026-09-12,6.208321797426445,h,VIIRS_SNPP_NRT
31.41690694777192,75.80555266625126,2026-09-12,28.74679178382085,h,VIIRS_SNPP_NRT
29.318427555517754,73.87940838541067,2026-09-12,4.289050082585985,h,VIIRS_SNPP_NRT
28.188126064386555,75.6346712058549,2026-09-12,47.38325474436691,h,VIIRS_SNPP_NRT
31.60602514144248,74.47015444592657,2026-09-12,20.863650117658985,h,VIIRS_SNPP_NRT
27.701074936212507,73.7984292158687,2026-09-12,12.641054314047029,h,VIIRS_SNPP_NRT
29.123127969225568,76.69273832186344,2026-09-12,4.810523368496131,h,VIIRS_SNPP_NRT
30.255507565321906,75.7625460295091,2026-09-12,10.122156421832493,h,VIIRS_SNPP_NRT
31.134245495955312,74.28715437088321,2026-09-12,9.173209691172264,h,VIIRS_SNPP_NRT
32.41558376009633,75.98613403376729,2026-09-12,8.188633713038925,h,VIIRS_SNPP_NRT
28.923852492894163,74.28815985238633,2026-09-12,7.377073592593401,h,VIIRS_SNPP_NRT
29.142755453804792,75.20802681766092,2026-09-12,16.965531742729453,h,VIIRS_SNPP_NRT
31.82423256499946,75.78353992572715,2026-09-12,12.185912562449232,h,VIIRS_SNPP_NRT
29.58483198196482,76.15734284513891,2026-09-12,5.955958223182938,h,VIIRS_SNPP_NRT
31.250865715053678,77.23714194350475,2026-09-12,8.448048562319961,h,VIIRS_SNPP_NRT
28.49731105251622,76.04267101752104,2026-09-12,27.529778776756828,h,VIIRS_SNPP_NRT
30.72863212481576,74.2151292650369,2026-09-12,8.167590476666051,h,VIIRS_SNPP_NRT
32.490417941622866,76.2934165730997,2026-09-12,10.469512938103037,h,VIIRS_SNPP_NRT
27.79996633526056,74.80527843446768,2026-09-12,3.7750676152263773,h,VIIRS_SNPP_NRT
30.16326156672114,76.5243573687992,2026-09-12,21.636918127190594,h,VIIRS_SNPP_NRT
27.924469145695237,76.56746867621405,2026-09-12,39.460773776806576,h,VIIRS_SNPP_NRT
31.04054374277278,77.48005409479312,2026-09-12,6.055398411813071,h,VIIRS_SNPP_NRT
29.569260472548745,75.34590112811597,2026-09-12,26.277139299594666,h,VIIRS_SNPP_NRT
31.637716919545856,75.03347079110166,2026-09-12,16.736020885059958,h,VIIRS_SNPP_NRT
29.027841958840515,73.83882263274805,2026-09-12,9.111238757418457,h,VIIRS_SNPP_NRT
28.57994697716844,75.16126288762305,2026-09-12,2.1957179230757213,h,VIIRS_SNPP_NRT
30.330981805732925,74.26609474694165,2026-09-12,22.812654145376385,h,VIIRS_SNPP_NRT
31.31702178404598,74.81798723486014,2026-09-12,2.9867006180896447,h,VIIRS_SNPP_NRT
28.43185588180372,74.97413356229092,2026-09-12,6.720772801089276,h,VIIRS_SNPP_NRT
29.17429055256537,76.05550507212972,2026-09-12,4.19546045054668,h,VIIRS_SNPP_NRT
31.44802556846701,73.67398747918445,2026-09-12,6.311451090726295,h,VIIRS_SNPP_NRT
31.934064218746677,75.2515463887384,2026-09-12,3.9012446994294545,h,VIIRS_SNPP_NRT
29.714849968221852,75.73643340953014,2026-09-12,2.5823384687669906,h,VIIRS_SNPP_NRT
29.5150636523805,76.65425029809721,2026-09-12,13.674465953644141,h,VIIRS_SNPP_NRT
28.141860700435025,77.24272789727884,2026-09-12,36.3477031081641,h,VIIRS_SNPP_NRT
30.778595589898767,74.06740852925141,2026-09-12,4.223337050939108,h,VIIRS_SNPP_NRT
29.923444389075485,77.48495678870661,2026-09-12,21.66738308239449,h,VIIRS_SNPP_NRT
30.413324007159623,74.24072399273354,2026-09-12,5.580934624697947,h,VIIRS_SNPP_NRT
29.481275423216996,74.15470405508789,2026-09-12,11.492586232876674,h,VIIRS_SNPP_NRT
31.94715853842349,74.03419963723987,2026-09-12,9.952702607926426,h,VIIRS_SNPP_NRT
28.00991942377143,76.04921516523571,2026-09-12,4.228286192036732,h,VIIRS_SNPP_NRT
28.479658312100057,75.29633033150432,2026-09-12,3.5934200324805254,h,VIIRS_SNPP_NRT
29.284768213974395,74.99953413595907,2026-09-12,12.02957035006016,h,VIIRS_SNPP_NRT
29.914689696351047,75.95139793302589,2026-09-12,7.470445271834926,h,VIIRS_SNPP_NRT
29.030691839725907,73.83598615240234,2026-09-12,8.253011414561275,h,VIIRS_SNPP_NRT
28.985603008704107,75.59441377555709,2026-09-12,8.768509259293404,h,VIIRS_SNPP_NRT
31.281774957283112,74.87887005290895,2026-09-12,16.2799978683249,h,VIIRS_SNPP_NRT
29.863167013803864,76.51821457072627,2026-09-12,2.824527015829189,h,VIIRS_SNPP_NRT
28.51440698984307,74.58688860203682,2026-09-12,27.626799939141357,h,VIIRS_SNPP_NRT
28.01253260637874,74.66187236637323,2026-09-12,27.701502206615906,h,VIIRS_SNPP_NRT
31.254842385656733,75.28829102196369,2026-09-12,3.4043924219733035,h,VIIRS_SNPP_NRT
29.87556330855947,74.00253867290854,2026-09-12,4.1067345854001704,h,VIIRS_SNPP_NRT
30.976875139422585,77.37043267856524,2026-09-12,3.7384134642694113,h,VIIRS_SNPP_NRT
30.576753930628634,76.10702302488237,2026-09-12,10.497310583768776,h,VIIRS_SNPP_NRT
30.660687325679618,76.76618534284403,2026-09-12,2.863272973823496,h,VIIRS_SNPP_NRT
30.473311108189616,73.9937019544601,2026-09-12,20.635318234531674,h,VIIRS_SNPP_NRT
28.329031846356813,75.79840277141508,2026-09-12,21.58679624908893,h,VIIRS_SNPP_NRT
28.21071350706955,74.2289355066122,2026-09-12,9.504966084662193,h,VIIRS_SNPP_NRT
31.13007388121938,74.90363772687489,2026-09-12,5.707301815866517,h,VIIRS_SNPP_NRT
29.96666569498006,75.91467297363015,2026-09-12,31.863849413591318,h,VIIRS_SNPP_NRT
29.49284308018624,77.38231556784366,2026-09-12,5.912297428252048,h,VIIRS_SNPP_NRT
27.633588885084595,73.55706560981841,2026-09-12,10.261775322566699,h,VIIRS_SNPP_NRT
29.225926069632347,73.97502818884708,2026-09-12,9.79206850130179,h,VIIRS_SNPP_NRT
28.405293707429937,76.39309788586202,2026-09-12,4.669382491021917,h,VIIRS_SNPP_NRT
31.449382357589933,77.01038799621614,2026-09-12,10.908013039236577,h,VIIRS_SNPP_NRT
30.954859109456038,74.21129727728245,2026-09-12,7.811521140965902,h,VIIRS_SNPP_NRT
28.19793749187165,76.92353356820816,2026-09-12,23.15954437227161,h,VIIRS_SNPP_NRT
28.61900908372591,76.07400100171307,2026-09-12,2.924057077285803,h,VIIRS_SNPP_NRT
27.619809627474808,77.42230665538402,2026-09-12,16.081808535069392,h,VIIRS_SNPP_NRT
28.460324621938145,76.33460799106213,2026-09-12,9.745308210688204,h,VIIRS_SNPP_NRT
30.269898094236446,77.14200490121392,2026-09-12,16.6805537848824,h,VIIRS_SNPP_NRT
30.309964946524204,75.06877308797762,2026-09-12,7.701881973137847,h,VIIRS_SNPP_NRT
29.453677421977936,74.32863209013476,2026-09-12,4.785660238333593,h,VIIRS_SNPP_NRT
29.21916762802743,73.9276865255888,2026-09-12,7.794496531154389,h,VIIRS_SNPP_NRT
29.789480762932538,73.88610907684867,2026-09-12,6.666526548314163,h,VIIRS_SNPP_NRT
32.142106627483265,74.0918802657594,2026-09-12,5.22519419533968,h,VIIRS_SNPP_NRT
31.90982355478649,74.69803611872999,2026-09-12,12.194897453439227,h,VIIRS_SNPP_NRT
30.16566531065235,75.91540820589212,2026-09-12,5.054600856202124,h,VIIRS_SNPP_NRT
31.968071992008227,75.07358911449518,2026-09-12,9.736772865810025,h,VIIRS_SNPP_NRT
28.123990332914687,75.21327045814128,2026-09-12,28.69233838507988,h,VIIRS_SNPP_NRT
27.98533571749836,76.62338929865619,2026-09-12,5.792553414442729,h,VIIRS_SNPP_NRT
31.658054687284853,75.47628259199595,2026-09-12,22.22133611422182,h,VIIRS_SNPP_NRT
28.24169323897606,74.70246430065423,2026-09-12,14.5418837610261,h,VIIRS_SNPP_NRT
29.931226536826756,73.69058153818472,2026-09-12,2.795858450230371,h,VIIRS_SNPP_NRT
29.924597574177067,75.45918666915405,2026-09-12,2.2644730737743486,h,VIIRS_SNPP_NRT
27.702849962766727,76.4288702828782,2026-09-12,7.6282120631078705,h,VIIRS_SNPP_NRT
29.075717738109866,75.86016090303374,2026-09-12,18.96600240380328,h,VIIRS_SNPP_NRT
29.329619888065636,73.5755105562047,2026-09-12,21.795827163378895,h,VIIRS_SNPP_NRT
31.84760980274786,75.88535541101328,2026-09-12,14.377363071060358,h,VIIRS_SNPP_NRT
29.549524345421887,75.67898197565364,2026-09-12,7.1051314637414755,h,VIIRS_SNPP_NRT
28.149066923274862,76.01609364218034,2026-09-12,5.725622560979183,h,VIIRS_SNPP_NRT
31.90701388395277,76.68939852327243,2026-09-12,5.201211658423398,h,VIIRS_SNPP_NRT
31.8934725436941,76.18467076550799,2026-09-12,13.724346403013033,h,VIIRS_SNPP_NRT
31.042247601658552,75.52346417028726,2026-09-12,2.3882699102067666,h,VIIRS_SNPP_NRT
31.835580388866045,77.44348290585708,2026-09-12,7.792034535362774,h,VIIRS_SNPP_NRT
32.46419829067123,77.00712539630095,2026-09-12,5.639136933407743,h,VIIRS_SNPP_NRT
