timestamp,station_id,pm25,pm10,no2,o3,co,so2,station_name
2026-09-09 10:07:23.493492,site_113,349.0079140336235,573.5236926909047,141.9198763539901,29.45289921244474,4.046716020027608,36.302513910225194,ITO
2026-09-09 11:07:23.493492,site_113,270.52136833991653,573.0717608514113,108.01246656668835,56.57074214001091,1.9330924370888263,37.415564506363715,ITO
2026-09-09 12:07:23.493492,site_113,287.246703377844,562.4182975420595,148.97592867738408,48.22939992132252,2.734881961790632,5.652686155783746,ITO
2026-09-09 13:07:23.493492,site_113,393.6989337131396,278.6382934372724,51.842536414438555,10.752298424785824,1.5291427804031361,15.157203139307674,ITO
2026-09-09 14:07:23.493492,site_113,321.03779546225104,252.28320358465186,99.73351525119233,59.076118076061974,1.1693780713660966,49.36769543623178,ITO
2026-09-09 15:07:23.493492,site_113,89.60641992540093,501.2459814970256,138.18311878502206,64.32054014251918,0.8999676758203097,30.973550059417096,ITO
2026-09-09 16:07:23.493492,site_113,64.95573179534247,175.24019213748073,21.577950542465626,59.225226800258646,3.3224092154775393,13.695120716721302,ITO
2026-09-09 17:07:23.493492,site_113,362.33544721173735,572.7179680329018,114.37081587437392,79.0840631944166,0.7825108227503211,19.531613802094967,ITO
2026-09-09 18:07:23.493492,site_113,273.6741920799532,299.35624086549853,102.89540837744781,42.32234746436868,4.387496249357457,43.61707684560083,ITO
2026-09-09 19:07:23.493492,site_113,338.29247457857144,356.0923759571985,100.13350584219214,32.075841830525874,1.9113145521161687,21.03835323989644,ITO
2026-09-09 20:07:23.493492,site_113,352.8488038355457,572.2974756703032,99.1186039198435,55.75429100463113,1.574261344602866,15.99787457267651,ITO
2026-09-09 21:07:23.493492,site_113,339.6435095536652,158.58160071918866,53.678377287431914,33.733439097842094,0.8455688182143839,36.012813193353495,ITO
2026-09-09 22:07:23.493492,site_113,302.1129520910033,548.1043176318308,117.91054613979468,64.47346593721548,2.2954560458278515,26.389284940886707,ITO
2026-09-09 23:07:23.493492,site_113,219.45603715246534,372.2153840515863,34.129386906086594,53.40802811532735,0.5335523072434478,18.174191809649113,ITO
2026-09-10 00:07:23.493492,site_113,229.01590699825917,105.3363413989182,27.660831763016585,17.385765101423146,1.3035100052361601,5.053210929398075,ITO
2026-09-10 01:07:23.493492,site_113,288.64436961774265,123.02071221519053,149.8127744552583,43.28998489117674,4.230964372633872,5.889400688095062,ITO
2026-09-10 02:07:23.493492,site_113,296.2000223353797,191.92693137384094,100.81349894266052,13.514271150536384,2.5541200042839654,27.523658590978684,ITO
2026-09-10 03:07:23.493492,site_113,386.8783822424791,245.2001505334335,22.914546679093995,28.774034247925496,4.046371540710844,16.316157754997008,ITO
2026-09-10 04:07:23.493492,site_113,302.9071575570288,121.49109801066801,53.02713244453925,24.744983041676917,2.5272868267386186,38.12121548090168,ITO
2026-09-10 05:07:23.493492,site_113,74.32130973965087,403.5447058368653,39.558209614042255,29.79572377937518,3.705905879304144,43.86557295880391,ITO
2026-09-10 06:07:23.493492,site_113,228.32238605511816,326.8560284359945,84.01469806901419,42.69023787964837,3.502713373054402,10.983558230146045,ITO
2026-09-10 07:07:23.493492,site_113,222.2803196723351,506.183966821505,85.17237955611338,32.480358808138774,2.048708252651956,41.532151730734334,ITO
2026-09-10 08:07:23.493492,site_113,247.2775414193581,310.89271512354765,67.62240126534077,64.91949319236403,0.9968509663209079,48.683290846071564,ITO
2026-09-10 09:07:23.493492,site_113,351.1837627213717,160.6272127729034,35.16900236260718,17.468428081996933,4.905342366585012,27.9923190576293,ITO
2026-09-10 10:07:23.493492,site_113,98.7792421457012,331.4670960571311,140.7586936394257,78.3921114740605,3.4489671844840375,11.28751575831025,ITO
2026-09-10 11:07:23.493492,site_113,198.22024985148795,244.80765779880218,107.20773857306132,66.71618109549587,0.991431009651556,29.46230978388797,ITO
2026-09-10 12:07:23.493492,site_113,81.88374634697112,447.60437898501215,134.6441161836696,67.52699262899037,3.352485623758853,25.994847646973007,ITO
2026-09-10 13:07:23.493492,site_113,246.96090364669078,561.9553797300065,31.568245337903065,53.479320434980465,4.81100191349679,6.132354444135439,ITO
2026-09-10 14:07:23.493492,site_113,331.55592487104917,429.5780662868606,35.35408658376177,29.18475461430757,2.0355774301568106,18.942516535603666,ITO
2026-09-10 15:07:23.493492,site_113,292.9832260966699,262.5925379227582,138.21707269836975,86.47737843669574,0.5667578398846401,25.487672395524502,ITO
2026-09-10 16:07:23.493492,site_113,213.68412867130235,105.79831469935277,29.05024209398333,68.01678163391864,1.78930698271183,20.12183160428215,ITO
2026-09-10 17:07:23.493492,site_113,134.0521483822319,443.5881164276898,94.75385884736106,59.29682438169773,2.1160592147456136,17.691012170610136,ITO
2026-09-10 18:07:23.493492,site_113,340.47524148218116,229.45278857008284,110.86993486370486,88.85267207541918,2.535289649448256,16.55632308629005,ITO
2026-09-10 19:07:23.493492,site_113,298.9929258492923,299.1766489066355,126.7540846519759,71.27206190021943,0.7370381280209753,26.636502596421227,ITO
2026-09-10 20:07:23.493492,site_113,181.9281060990696,455.2440249288178,25.514147827411858,42.69101785310827,2.105629553415616,28.692642101428433,ITO
2026-09-10 21:07:23.493492,site_113,82.93129107021434,154.92941436351822,121.44513868904701,80.88380413051331,3.2169514010835476,18.1214892547313,ITO
2026-09-10 22:07:23.493492,site_113,299.16948171784634,217.62079517203355,46.43230382807156,39.434034269834555,4.256612683139606,45.50366256492516,ITO
2026-09-10 23:07:23.493492,site_113,318.4096478301653,262.1728794598745,50.31283833729296,56.3347316120786,4.1899907567797605,46.68302207331025,ITO
2026-09-11 00:07:23.493492,site_113,138.76579918170881,233.8143885429628,53.38790658655461,19.033719534067295,0.7880951995357632,48.06534356165411,ITO
2026-09-11 01:07:23.493492,site_113,267.10266702388355,144.58379925748463,142.08166280914867,38.341796914897216,3.0653697240146998,5.622581412555398,ITO
2026-09-11 02:07:23.493492,site_113,244.16658801297075,275.28116634823334,127.2375303503062,25.632976707169732,0.6157261164935639,21.788183956944103,ITO
2026-09-11 03:07:23.493492,site_113,225.32195064930545,106.32561615886529,81.82927449887907,53.39512943769662,0.8459862373443174,45.00652512056996,ITO
2026-09-11 04:07:23.493492,site_113,382.0610377424491,160.1960883121718,92.87516924080313,68.60731402781612,0.9705402841442876,12.877023428561236,ITO
2026-09-11 05:07:23.493492,site_113,102.25353058329486,403.83138248455657,145.1353111919292,93.81000178098375,4.803815974042333,31.08800725421972,ITO
2026-09-11 06:07:23.493492,site_113,292.19934618491,497.72063060730255,43.760055831303404,81.51785332904265,4.086832742607134,16.485072338562773,ITO
2026-09-11 07:07:23.493492,site_113,157.8739680583271,220.84745694456595,53.81363937050939,72.91924400868763,0.7173945509786982,20.76424703736447,ITO
2026-09-11 08:07:23.493492,site_113,111.39287151874706,202.84622041717182,32.46648493445735,39.520980550448215,1.123131344855497,17.526413335334116,ITO
2026-09-11 09:07:23.493492,site_113,190.48863820527788,220.1802044700409,107.13326852351196,46.9442098216691,0.6768744555049071,14.753110933447058,ITO
2026-09-11 10:07:23.493492,site_113,312.94042422877186,553.5634929214254,86.00701510096093,41.032147466952054,2.331100192790309,11.331984131375776,ITO
2026-09-11 11:07:23.493492,site_113,167.4690332335495,184.542886842828,46.79944353764032,30.028459467655495,3.4747379780480654,13.773727333307527,ITO
2026-09-11 12:07:23.493492,site_113,354.3144918811408,510.76441182517107,95.30197982899345,64.60750742483535,2.2140989540218112,49.40619467905783,ITO
2026-09-11 13:07:23.493492,site_113,286.2852613471156,301.28987910803767,56.961845128030184,81.72704616869937,2.879967463353143,6.907570739062798,ITO
2026-09-11 14:07:23.493492,site_113,250.09493282597123,365.5689315932217,69.89371166466191,30.721827451335948,1.1208674709428994,39.25129174373155,ITO
2026-09-11 15:07:23.493492,site_113,227.25124340896477,439.4373588418114,139.252359277565,25.833985621983647,4.905753139629049,30.763035422187702,ITO
2026-09-11 16:07:23.493492,site_113,175.3163938077444,459.99075286027363,119.19787291177701,42.2449977875175,3.587861743843213,16.148159334686955,ITO
2026-09-11 17:07:23.493492,site_113,259.8644903618557,283.82305015228576,102.62627802841543,74.46464282461984,2.1319031711906993,38.96374485954451,ITO
2026-09-11 18:07:23.493492,site_113,81.40566298941442,401.37780426667354,23.801556977876313,68.38556086294534,1.0940020882927821,16.541705306687202,ITO
2026-09-11 19:07:23.493492,site_113,208.26528616484185,493.3511425083376,129.76698712917266,74.15179176285562,2.7530511059621334,47.584527161142425,ITO
2026-09-11 20:07:23.493492,site_113,386.6383088780666,401.0095354405016,130.75262598065208,26.56795141015772,4.391427247301935,31.069215986154997,ITO
2026-09-11 21:07:23.493492,site_113,283.5753137989986,301.59063997679857,107.804602281936,30.556149629187534,2.0602275399340786,36.570718518060396,ITO
2026-09-11 22:07:23.493492,site_113,345.62649857920013,117.02309997876439,63.9273363670667,76.4983187386654,3.4945149023028566,11.723233581774895,ITO
2026-09-11 23:07:23.493492,site_113,179.3217139927837,181.02832340872544,115.07819474617035,36.48508653251869,2.4271761629942405,31.766080924834608,ITO
2026-09-12 00:07:23.493492,site_113,293.7596153747918,596.8571827240937,67.99864360121337,21.64723386543404,1.7313464507633611,45.991179549868406,ITO
2026-09-12 01:07:23.493492,site_113,333.03114615766265,354.61795282510974,104.27272471485695,50.676263105789026,1.939484694883411,28.03066023474056,ITO
2026-09-12 02:07:23.493492,site_113,324.5714707409175,302.15053082791036,40.96249941273462,46.68206380864427,1.139372039638598,41.25705239760033,ITO
2026-09-12 03:07:23.493492,site_113,306.4170385766719,588.2398795805823,70.03062209616272,13.815343728164164,3.4837113218367195,5.500386664109539,ITO
2026-09-12 04:07:23.493492,site_113,81.67709854239749,505.1274003438987,65.31140819392348,22.196960217648435,3.7989942192916235,7.338775471549688,ITO
2026-09-12 05:07:23.493492,site_113,351.03029248585773,231.34176127174595,137.26293141217485,90.49194504913827,4.580905556853614,33.208133214546564,ITO
2026-09-12 06:07:23.493492,site_113,344.64888883736836,300.9351015239806,42.022891413167216,27.750250271369516,1.0053824416294561,38.56514762643309,ITO
2026-09-12 07:07:23.493492,site_113,220.99797001232602,337.69656252215526,37.659438574721754,99.55050960315826,0.762067251529615,8.89404722239668,ITO
2026-09-12 08:07:23.493492,site_113,275.0767939548824,332.3608809053371,40.55808668543797,95.79437994627837,1.044863915219479,19.05236806915531,ITO
2026-09-12 09:07:23.493492,site_113,383.85322853180566,551.8959191988145,97.99276857836423,60.751902653756545,3.8057543556832747,43.28055474753851,ITO
2026-09-12 10:07:23.493492,site_113,246.89968736685074,170.09024891932026,128.08952676772986,78.26665914208994,3.762266821652081,42.62610847900558,ITO
2026-09-09 10:07:23.493492,site_114,133.64189828879816,175.8604118711972,61.882313459732636,58.42153614279414,2.8253675436213026,26.823313874526672,Anand Vihar
2026-09-09 11:07:23.493492,site_114,180.54307581087022,278.1210552305672,99.23376084595206,24.284689655090247,1.4850871605494236,11.200978228770328,Anand Vihar
2026-09-09 12:07:23.493492,site_114,243.78454759122783,390.1992602430546,72.97719495338146,96.36680156919117,4.454229288195505,40.89015384720253,Anand Vihar
2026-09-09 13:07:23.493492,site_114,75.1096816471921,481.4501177909956,98.72463516637526,65.61641649195535,0.8383531586917201,42.96239713968219,Anand Vihar
2026-09-09 14:07:23.493492,site_114,362.8036910727887,114.3002381623088,29.69958487238877,67.43744827002529,2.103525923466067,38.16404583276084,Anand Vihar
2026-09-09 15:07:23.493492,site_114,341.61595313510384,410.99483826218705,90.57095542200173,35.523367610814944,3.074307872438575,32.84118173389702,Anand Vihar
2026-09-09 16:07:23.493492,site_114,251.00527055918312,489.2646957342964,132.5502067088345,10.162761417094417,3.6673638054848468,22.02261780863431,Anand Vihar
2026-09-09 17:07:23.493492,site_114,200.50349393350967,204.65792567424754,113.42057576207291,10.85504175509252,1.673726760573424,28.033796608435146,Anand Vihar
2026-09-09 18:07:23.493492,site_114,168.10523545476178,457.8999958833178,59.95967251276391,18.32539541790372,1.7011990136228041,26.675863345550948,Anand Vihar
2026-09-09 19:07:23.493492,site_114,379.3326484819299,156.43860738289501,130.32451427831091,95.81471394186467,2.0990844158501316,40.63517432437573,Anand Vihar
2026-09-09 20:07:23.493492,site_114,147.81473046587882,213.69021865109772,40.05937854295284,94.21604105499637,4.494592304732567,9.145959046777204,Anand Vihar
2026-09-09 21:07:23.493492,site_114,368.5822454600519,596.3987546220186,46.6524534149824,82.48495697901578,0.6831915506980295,7.98299207119564,Anand Vihar
2026-09-09 22:07:23.493492,site_114,67.61847049251215,343.6924245185389,99.19423141925974,12.70936444727369,2.234367341816606,31.747933847860352,Anand Vihar
2026-09-09 23:07:23.493492,site_114,328.2197315028391,543.8981921653459,143.93804306991774,58.35973654380534,4.053503498810924,47.52895692026138,Anand Vihar
2026-09-10 00:07:23.493492,site_114,127.08707105455152,144.82318537927117,49.92810832608461,81.32071593589724,4.7379575332414205,26.468575116330623,Anand Vihar
2026-09-10 01:07:23.493492,site_114,162.29661768746814,586.5103654963565,84.9297637593203,85.11416964266247,3.470516117894031,41.33727720967639,Anand Vihar
2026-09-10 02:07:23.493492,site_114,209.16325382044997,358.34217136023375,68.09125456939245,54.118722058439864,4.452179205638092,43.16200789509558,Anand Vihar
2026-09-10 03:07:23.493492,site_114,252.96415243521335,297.162063415872,72.02899183201495,23.129167692505042,4.968648717551649,46.95471689955342,Anand Vihar
2026-09-10 04:07:23.493492,site_114,297.27586286042765,264.49623143919524,31.619206814997366,19.646442368311597,4.353237406784362,25.451751016291457,Anand Vihar
2026-09-10 05:07:23.493492,site_114,99.03078900483007,217.87840948458643,42.644268979320046,35.08163959954042,2.49814843804032,30.559927112928055,Anand Vihar
2026-09-10 06:07:23.493492,site_114,126.61428423348111,134.98246508963314,62.87308019218823,76.14659521455468,2.256230998509985,17.222792254133484,Anand Vihar
2026-09-10 07:07:23.493492,site_114,145.71404692480468,175.90320920166144,79.61397702962037,21.016951941071923,3.588533881101288,42.68716468005628,Anand Vihar
2026-09-10 08:07:23.493492,site_114,336.25649989852354,573.0984221571007,60.39370401329621,79.1073814361516,1.5336619731149335,23.831209425787183,Anand Vihar
2026-09-10 09:07:23.493492,site_114,339.41940079609657,474.467503104866,110.02378944579684,94.22069365134104,3.421157123839622,24.04315094027842,Anand Vihar
2026-09-10 10:07:23.493492,site_114,190.36412519795925,423.588879055789,98.11721248088278,66.93845654537667,3.38587222885774,24.131901271713566,Anand Vihar
2026-09-10 11:07:23.493492,site_114,274.1944736455535,393.92434806019406,25.908541949482647,32.99465077466661,0.5401563787047926,49.57426391665591,Anand Vihar
2026-09-10 12:07:23.493492,site_114,95.80327583519818,398.12416147170825,97.8341810679637,67.77089819113249,4.509322267176498,30.996113469628295,Anand Vihar
2026-09-10 13:07:23.493492,site_114,133.15011331583906,170.33814183089754,69.30385865109628,70.66632954600868,0.5433757939468862,45.12052809741732,Anand Vihar
2026-09-10 14:07:23.493492,site_114,116.69222881250485,444.2527392400825,57.255650869027775,49.73418822838283,1.768588471311877,44.19742754287017,Anand Vihar
2026-09-10 15:07:23.493492,site_114,132.4117106367769,203.82551753828147,84.9078087267734,18.178678489261713,1.7688030610507353,19.51905403652451,Anand Vihar
2026-09-10 16:07:23.493492,site_114,386.61585000736824,159.37073561088164,80.98484595602699,73.28922902328702,0.6099847606347619,21.186860436431388,Anand Vihar
2026-09-10 17:07:23.493492,site_114,202.69658394511816,442.25745255464716,52.745852210443914,48.60944032767879,2.8999025733321533,7.0096662922159325,Anand Vihar
2026-09-10 18:07:23.493492,site_114,214.76310232446318,441.1833477376297,58.671113804172506,24.396256363449297,0.8696321782271671,35.88691493091801,Anand Vihar
2026-09-10 19:07:23.493492,site_114,327.6788492651376,252.59494666683705,108.0735760995125,35.770072289714676,4.762583643938736,29.181178108161927,Anand Vihar
2026-09-10 20:07:23.493492,site_114,268.5981753769331,576.082201518132,80.27685863003452,38.582711166011386,3.30737059828024,34.09530071831438,Anand Vihar
2026-09-10 21:07:23.493492,site_114,280.6029195002195,154.5307205316123,82.59930955655328,92.61864171625008,2.8858321938701414,13.749069291203138,Anand Vihar
2026-09-10 22:07:23.493492,site_114,289.40788783623805,201.60878239607695,21.960278559803882,24.39196409321896,2.2026302205586754,38.274313034176586,Anand Vihar
2026-09-10 23:07:23.493492,site_114,132.05352351927385,176.581174949768,29.076843394868185,63.827790288147675,4.3106268790158495,15.252563757040946,Anand Vihar
2026-09-11 00:07:23.493492,site_114,296.59736336129254,371.71176317309965,122.53731776405047,25.965836905962803,4.5908501706728515,14.215352963783218,Anand Vihar
2026-09-11 01:07:23.493492,site_114,196.83270680236487,244.42450406434892,133.5285963764785,40.71867388497085,3.9969574357086755,24.868174045857728,Anand Vihar
2026-09-11 02:07:23.493492,site_114,108.91115946243318,217.80570603866397,90.42725708130057,69.96342404940661,2.2978208437021017,32.23362398600665,Anand Vihar
2026-09-11 03:07:23.493492,site_114,101.68501020685852,373.20576835729764,111.26812257786858,85.26174113735172,2.4027340570073514,37.24096996713221,Anand Vihar
2026-09-11 04:07:23.493492,site_114,271.55334381837514,221.3151448332999,44.92001204804838,81.37477078922151,1.3205081414385194,28.14879603859915,Anand Vihar
2026-09-11 05:07:23.493492,site_114,76.41624830183673,257.1347810114635,144.0674715542939,72.16539594410187,2.031141880676706,7.113525429554125,Anand Vihar
2026-09-11 06:07:23.493492,site_114,215.54848342310808,147.28344103883188,40.72527351828475,40.3788591182295,1.9754910622569,31.0517157898918,Anand Vihar
2026-09-11 07:07:23.493492,site_114,106.80317245663042,557.9525976805517,117.5481387277372,94.05047421586966,2.6094753562927866,21.420011613320632,Anand Vihar
2026-09-11 08:07:23.493492,site_114,397.3631536700505,100.78956361521936,83.97008767435261,69.65796451038833,4.849736481262524,42.364995848772104,Anand Vihar
2026-09-11 09:07:23.493492,site_114,124.68159910978656,568.1522009597102,136.8297117393679,89.7307194219539,3.8788203569111626,10.76562537809828,Anand Vihar
2026-09-11 10:07:23.493492,site_114,199.07263345227653,397.7937548495862,46.57335164914076,15.681830801401112,2.4197599771078178,46.38345495002506,Anand Vihar
2026-09-11 11:07:23.493492,site_114,166.79541400874905,379.57430660481305,26.613992079820264,28.41159277440705,1.331043942991984,16.07655321322448,Anand Vihar
2026-09-11 12:07:23.493492,site_114,356.7642148360277,213.59982555929486,92.39300315886115,14.160871301170538,0.6485789804907411,21.06345126716061,Anand Vihar
2026-09-11 13:07:23.493492,site_114,120.3553021790535,541.3408572593664,58.55421003179014,41.7665112329593,4.570823702512395,15.44661412385253,Anand Vihar
2026-09-11 14:07:23.493492,site_114,359.1568226270788,278.00089219042286,126.40259009350926,56.590133871322365,4.588240577047009,41.10760541121964,Anand Vihar
2026-09-11 15:07:23.493492,site_114,295.563291683554,208.75478411553374,137.281042570319,73.49215250588915,3.304938045856349,19.21163812504226,Anand Vihar
2026-09-11 16:07:23.493492,site_114,306.8500352825745,321.04075638485733,42.921877936984934,54.42442625405194,0.5280044445860997,34.83142069752742,Anand Vihar
2026-09-11 17:07:23.493492,site_114,64.50140234709419,559.0763007759135,148.448282134074,64.39111744764938,1.4185704399896517,45.777513029689764,Anand Vihar
2026-09-11 18:07:23.493492,site_114,260.0761048979367,342.13604411263367,102.2381874798674,90.62713592873932,1.6589901179292217,17.721198192988695,Anand Vihar
2026-09-11 19:07:23.493492,site_114,357.9223995168462,339.85965285008547,123.10702248716392,24.74825885294627,3.39286811814622,35.533628050182585,Anand Vihar
2026-09-11 20:07:23.493492,site_114,315.2599397218824,461.4601140881876,98.06964038480045,46.39834269708837,4.547936285133026,38.37047064435547,Anand Vihar
2026-09-11 21:07:23.493492,site_114,385.5444834942467,595.4422218073995,46.86958922349646,72.36125939248487,3.699419841336191,41.02207481072499,Anand Vihar
2026-09-11 22:07:23.493492,site_114,363.8048240148117,450.07032312722805,95.42744912939966,16.95184021159929,2.0286647528277184,20.87232694921639,Anand Vihar
2026-09-11 23:07:23.493492,site_114,376.85592738929176,515.9717222732133,23.230556809242085,15.984280222361129,4.665253146946869,35.719845153719035,Anand Vihar
2026-09-12 00:07:23.493492,site_114,236.49952472871007,477.1616793158873,76.18013937091075,18.13926961786078,2.3494469738653896,15.642444733436886,Anand Vihar
2026-09-12 01:07:23.493492,site_114,373.5708290724807,462.74999670902844,103.36255369551634,68.39411314994618,1.3531494963407158,21.192638077263013,Anand Vihar
2026-09-12 02:07:23.493492,site_114,57.70964475716947,303.8141910435341,88.10145117451913,81.07024215887093,2.8574741753734716,26.834483292152733,Anand Vihar
2026-09-12 03:07:23.493492,site_114,362.86275681737413,499.6717806761744,131.11811355048582,44.999352634505144,2.6131575077977045,15.628157632331904,Anand Vihar
2026-09-12 04:07:23.493492,site_114,155.4613379243965,464.2123416726748,125.42573964169516,30.13687822556299,3.1106569645767745,34.22178114673159,Anand Vihar
2026-09-12 05:07:23.493492,site_114,138.21280198215095,120.73216092152651,26.60421198279911,86.6888181251235,3.0480791685011637,48.26091476989077,Anand Vihar
2026-09-12 06:07:23.493492,site_114,54.18929325639026,183.1642403198089,65.18988249750646,66.01626548224775,2.0987994691682887,43.6021050645745,Anand Vihar
2026-09-12 07:07:23.493492,site_114,257.30067689203725,100.39591628514569,89.01321240758318,89.63532239661869,3.143082133152831,30.66995668655162,Anand Vihar
2026-09-12 08:07:23.493492,site_114,362.2107623889543,398.730631122718,52.39556632911491,25.679736907243523,3.3470039442050896,6.983939896068007,Anand Vihar
2026-09-12 09:07:23.493492,site_114,156.02599513304958,252.63424781047507,80.11428544811733,66.41568594687746,2.3817546846396147,8.772060027874657,Anand Vihar
2026-09-12 10:07:23.493492,site_114,106.72353841123866,566.8143103081509,28.598044822287168,23.384482438621212,0.5245545419207429,36.62890277490115,Anand Vihar
2026-09-09 10:07:23.493492,site_115,307.1290837275646,370.69134070027195,148.71780508215292,38.49511900252503,2.188066652875084,21.78817797065376,Punjabi Bagh
2026-09-09 11:07:23.493492,site_115,139.22490588988586,265.44286573539864,47.51013027536639,96.26986227367141,2.6778683620048476,10.098864142255053,Punjabi Bagh
2026-09-09 12:07:23.493492,site_115,178.58279369437201,582.3145313041141,77.47374011726384,90.34589548862293,2.7667586424205037,43.38546693949725,Punjabi Bagh
2026-09-09 13:07:23.493492,site_115,317.4854631967226,234.0952333631529,48.44428655267582,89.52852737484945,2.606671201178898,36.68940933441583,Punjabi Bagh
2026-09-09 14:07:23.493492,site_115,366.9094283754981,138.63640549249843,148.6530828979871,72.95616693876227,3.6028101268262476,29.22591319051752,Punjabi Bagh
2026-09-09 15:07:23.493492,site_115,386.08920652422125,421.5464858980904,35.058844127337295,91.21338521866487,2.1188848221986616,11.932016622380202,Punjabi Bagh
2026-09-09 16:07:23.493492,site_115,77.12798423070831,256.9544536542687,108.12829901811139,24.232166807657656,2.6691910382523267,45.63724292360605,Punjabi Bagh
2026-09-09 17:07:23.493492,site_115,205.29674178489068,557.1061176433932,44.42535570008974,11.757665051910461,4.15754795197458,30.078347431716622,Punjabi Bagh
2026-09-09 18:07:23.493492,site_115,161.72311386221753,387.3720916310147,147.2483731910713,16.485056389226656,0.7310306554744814,23.753513016269117,Punjabi Bagh
2026-09-09 19:07:23.493492,site_115,130.43123537827103,576.3988668197545,22.236089200321466,41.0994188116081,0.9836579889443371,37.49791175772935,Punjabi Bagh
2026-09-09 20:07:23.493492,site_115,62.911869519581316,401.35107920090536,130.02825849082245,67.61881721778835,2.5213418839691135,35.41214841305806,Punjabi Bagh
2026-09-09 21:07:23.493492,site_115,380.1673094532524,501.44430781309524,87.12990108979359,49.30834076088772,0.9952990674293537,26.09766210499364,Punjabi Bagh
2026-09-09 22:07:23.493492,site_115,213.22754045987497,131.05794824575509,98.16904852090732,39.033248730016,0.778108320271656,20.471929331661443,Punjabi Bagh
2026-09-09 23:07:23.493492,site_115,259.03872811722664,193.9681909211924,38.623685314524735,51.49649338770277,3.050068030099109,23.347165816332478,Punjabi Bagh
2026-09-10 00:07:23.493492,site_115,381.8266839843599,435.85246492957975,118.39256471424667,11.191461891126476,4.566863107095672,29.57660363687202,Punjabi Bagh
2026-09-10 01:07:23.493492,site_115,221.8198065583955,326.966858439853,28.810818406217322,17.540380045677786,1.0777261451577869,48.70453061159034,Punjabi Bagh
2026-09-10 02:07:23.493492,site_115,80.08718511208107,205.48723985287623,24.814441585253775,61.521844666739625,3.242875662760351,28.190535621845132,Punjabi Bagh
2026-09-10 03:07:23.493492,site_115,188.74884379352636,406.6198241575484,33.10995120331893,25.954279220182585,1.2365794840609878,25.151755292177526,Punjabi Bagh
2026-09-10 04:07:23.493492,site_115,95.1215408379723,440.55292377925116,36.126805335614144,20.2978825443908,0.9332537553254168,44.982181447341524,Punjabi Bagh
2026-09-10 05:07:23.493492,site_115,294.22373158027443,375.28280474609,129.30067533931887,34.43591445866472,0.7319852536886395,38.717832376752774,Punjabi Bagh
2026-09-10 06:07:23.493492,site_115,217.0437739106673,198.8736676146948,23.644134728400754,45.19769480532485,4.395212403225008,30.46895419693908,Punjabi Bagh
2026-09-10 07:07:23.493492,site_115,278.1936863601062,309.7874507461288,120.32835373209059,96.08692213054339,3.6971229073505065,16.05398497975689,Punjabi Bagh
2026-09-10 08:07:23.493492,site_115,295.9052855770902,134.47114942734714,127.65371880884706,91.89105701067712,2.9610112069702472,15.66447985601128,Punjabi Bagh
2026-09-10 09:07:23.493492,site_115,389.0398635145783,104.49308328051362,89.46642917115825,46.1278901320032,1.419451146190407,25.41126628033566,Punjabi Bagh
2026-09-10 10:07:23.493492,site_115,380.9523023863901,201.7620149963724,54.91314867742402,62.698296963622234,0.6608417456712417,15.736481005254996,Punjabi Bagh
2026-09-10 11:07:23.493492,site_115,128.56722634195236,312.3285720115234,127.65914559028927,90.16453011896951,2.608676979758055,20.326887394748574,Punjabi Bagh
2026-09-10 12:07:23.493492,site_115,353.5677460263943,307.63660641852294,78.84348661423265,15.197216268452731,2.21059346774385,36.433223253967896,Punjabi Bagh
2026-09-10 13:07:23.493492,site_115,143.78587832880942,488.15849549744405,93.14516415298368,30.216128805491536,2.6554131566178043,27.4138194463812,Punjabi Bagh
2026-09-10 14:07:23.493492,site_115,330.60437040647616,297.33304506891113,88.41710444516488,18.57996739224098,3.24731216266809,20.871978033522694,Punjabi Bagh
2026-09-10 15:07:23.493492,site_115,104.4747800036741,109.8584630912415,126.22209917298196,19.905036893201405,0.6558732085034109,37.980581284311185,Punjabi Bagh
2026-09-10 16:07:23.493492,site_115,384.9896791975179,288.5616156905648,35.74264411083653,93.01548868873977,4.793200512208242,7.206296744572718,Punjabi Bagh
2026-09-10 17:07:23.493492,site_115,233.9933045549812,151.83073469738665,110.91284117624731,57.46717400354763,3.1911314082983435,45.20455940024495,Punjabi Bagh
2026-09-10 18:07:23.493492,site_115,307.33768918162457,391.7278582823577,147.4519736096899,98.87309517927163,1.0135591155010395,29.714091143941012,Punjabi Bagh
2026-09-10 19:07:23.493492,site_115,82.62650089570508,390.4776832653954,87.40067660671221,86.58617907644579,4.275054198683965,21.580497192105234,Punjabi Bagh
2026-09-10 20:07:23.493492,site_115,386.20895021512393,440.36371147202686,106.47438204264097,64.6741908982159,2.1453036658772664,7.884337753429209,Punjabi Bagh
2026-09-10 21:07:23.493492,site_115,268.95770758328814,563.9523027375562,86.26662701145108,70.34951676804275,2.6183452113146815,16.430326631771948,Punjabi Bagh
2026-09-10 22:07:23.493492,site_115,297.8004403182514,246.8502652952487,40.08053954004927,53.81666065669215,4.8142743077397,36.33329258832515,Punjabi Bagh
2026-09-10 23:07:23.493492,site_115,184.0568101498878,359.85545489054516,40.33868928130186,79.81931790139846,1.048507300605384,20.005096692881807,Punjabi Bagh
2026-09-11 00:07:23.493492,site_115,114.05872072338555,348.1501040233485,83.46753634954803,45.18170974289059,4.858844038174666,18.42958166983621,Punjabi Bagh
2026-09-11 01:07:23.493492,site_115,341.7441122265016,245.42278091421656,66.24704683786254,68.98542956403514,4.859155047520464,29.433083788579477,Punjabi Bagh
2026-09-11 02:07:23.493492,site_115,354.3141928122106,155.67799656460687,99.95810705407018,63.480924165883856,3.3687342718166975,38.91984873529814,Punjabi Bagh
2026-09-11 03:07:23.493492,site_115,83.11031183416215,456.8627884556663,105.19724243182172,39.81837256147552,1.3039286475596952,46.892755557429,Punjabi Bagh
2026-09-11 04:07:23.493492,site_115,328.9718077189464,142.62671228731597,121.9215147208965,21.25489077232502,4.6689179362470705,25.277277604416316,Punjabi Bagh
2026-09-11 05:07:23.493492,site_115,80.09346131806409,169.67599743986443,73.13447755511996,91.77359661496565,2.8355388837958584,38.82393729356556,Punjabi Bagh
2026-09-11 06:07:23.493492,site_115,138.31335721641898,321.37429515427357,134.6149766493017,18.158431054521515,4.98750655123503,33.46170184108213,Punjabi Bagh
2026-09-11 07:07:23.493492,site_115,230.39888251834478,334.8073414592128,77.9133988899224,83.74033068813267,1.7872297940107131,10.8412053139845,Punjabi Bagh
2026-09-11 08:07:23.493492,site_115,307.78851586963106,422.6245104327368,90.46340708767278,79.07717093795486,4.76121864038014,26.202639334701786,Punjabi Bagh
2026-09-11 09:07:23.493492,site_115,325.23942875246746,511.5860323924361,94.7843159739168,12.307949950405433,4.403793710063535,40.91555784100478,Punjabi Bagh
2026-09-11 10:07:23.493492,site_115,58.231460078073226,545.892193531095,73.48987030095013,48.794937641832476,1.0015159954849426,42.24361603236385,Punjabi Bagh
2026-09-11 11:07:23.493492,site_115,322.13003519906624,255.09774649606183,138.79649291451702,20.952219976359423,1.130674935903227,35.34966618364375,Punjabi Bagh
2026-09-11 12:07:23.493492,site_115,394.24097784044574,324.13979873722013,46.6820688290468,20.632155836663312,2.1902119188637776,15.853961463772604,Punjabi Bagh
2026-09-11 13:07:23.493492,site_115,276.00502388291295,393.0805315843356,109.24957533321803,57.81621577280041,4.517534297520157,14.689702816300388,Punjabi Bagh
2026-09-11 14:07:23.493492,site_115,305.5825981925276,160.3064268462578,99.63088332765533,27.360435178622527,4.187924047894162,47.86186400885199,Punjabi Bagh
2026-09-11 15:07:23.493492,site_115,339.64403308334454,370.5448122317914,124.83367320628581,18.20419585679567,1.8408593248660385,15.675889002646393,Punjabi Bagh
2026-09-11 16:07:23.493492,site_115,117.86247667981638,184.07492545835743,40.178205991351476,44.63374681171402,1.8272186538298154,26.73322122677077,Punjabi Bagh
2026-09-11 17:07:23.493492,site_115,123.28794803399258,145.38791639519613,101.67798157345429,30.284296242571244,1.3502342597548123,30.059426086308882,Punjabi Bagh
2026-09-11 18:07:23.493492,site_115,385.14781324220803,465.685871864412,48.58715096882355,66.68015529662105,1.8413172972264098,10.885356391255886,Punjabi Bagh
2026-09-11 19:07:23.493492,site_115,160.4142908406132,105.97316721314739,104.64159495506176,14.788903342121419,4.094927611219086,22.566770594758907,Punjabi Bagh
2026-09-11 20:07:23.493492,site_115,147.3912481342377,245.48946484163494,107.26689462387934,15.77393528342228,0.9927631808930837,24.65531711228279,Punjabi Bagh
2026-09-11 21:07:23.493492,site_115,161.34163164369804,400.7638433708694,82.56172077085736,27.199828858920412,2.5415598033874973,11.61456638947734,Punjabi Bagh
2026-09-11 22:07:23.493492,site_115,249.95450165514805,594.0295746409352,21.200560237276935,16.31300340434179,2.4907398790137827,9.751229414136873,Punjabi Bagh
2026-09-11 23:07:23.493492,site_115,280.79151821867345,173.96239186777936,28.802710996660785,67.26642655770647,0.8197658928347611,38.616152931286045,Punjabi Bagh
2026-09-12 00:07:23.493492,site_115,388.4767496910768,355.0971774147426,149.65160487172028,72.47659141487438,2.581058788814371,19.308633049320825,Punjabi Bagh
2026-09-12 01:07:23.493492,site_115,144.79427518943953,351.9256725735444,58.39213463942967,46.73520869842726,4.65563043626762,42.511844044366924,Punjabi Bagh
2026-09-12 02:07:23.493492,site_115,171.51097046619242,288.044739985584,106.29234613246841,36.701288962718365,4.098149734196559,15.634853677169096,Punjabi Bagh
2026-09-12 03:07:23.493492,site_115,336.4224875075667,455.0800569195527,112.78412915196218,66.88355596518541,4.12764237774325,31.577376890654563,Punjabi Bagh
2026-09-12 04:07:23.493492,site_115,172.59186039187153,570.0737417445779,68.4356629845554,54.905245079644416,2.708974236740825,5.941618310202078,Punjabi Bagh
2026-09-12 05:07:23.493492,site_115,245.31826487957127,101.24251813550863,28.97877395001709,38.31291902537083,3.7256693912539474,24.38534496168087,Punjabi Bagh
2026-09-12 06:07:23.493492,site_115,123.8623665051751,377.27114982000785,121.07630704195081,65.78854955136097,3.6657125239682595,43.17312348716252,Punjabi Bagh
2026-09-12 07:07:23.493492,site_115,196.9269283355059,547.6095039978662,118.84124112578726,57.101237926580865,1.2947635123166699,13.929896532586062,Punjabi Bagh
2026-09-12 08:07:23.493492,site_115,341.5768864619651,269.2310029764287,100.22790582830535,57.417432358531734,2.731051695686265,30.59122504307331,Punjabi Bagh
2026-09-12 09:07:23.493492,site_115,168.812881783721,441.0055413790112,89.05013858346558,64.96785532075512,4.886528008557111,8.30742277373809,Punjabi Bagh
2026-09-12 10:07:23.493492,site_115,118.52622890151264,162.4948392980168,138.62874145635072,83.10085150164173,4.491897144047746,41.604533786878065,Punjabi Bagh
2026-09-09 10:07:23.493492,site_118,374.5536695385962,376.33299508412614,83.37181595119888,54.24407198873106,1.9261672541185155,32.38954775651199,RK Puram
2026-09-09 11:07:23.493492,site_118,171.9721836148256,170.35690683181105,89.93991601784175,99.14422936503757,4.0338508150892185,30.468236570832143,RK Puram
2026-09-09 12:07:23.493492,site_118,314.6450978728516,256.633687223547,27.936634043266963,45.21359994681697,3.1081585586588822,44.22698648918511,RK Puram
2026-09-09 13:07:23.493492,site_118,150.927802596085,482.07359159467853,47.00629751252349,54.232549995650665,4.168915998819341,39.597572424049275,RK Puram
2026-09-09 14:07:23.493492,site_118,98.51874611166323,275.98105684050824,114.78050363199648,86.21608294435495,3.3452503746254423,13.577414331626958,RK Puram
2026-09-09 15:07:23.493492,site_118,197.24626650497729,245.23822874294535,146.88211050154422,39.6448773181034,0.5327756370354269,21.865481412906473,RK Puram
2026-09-09 16:07:23.493492,site_118,250.03418659098588,490.60716933242645,129.68674552188253,13.608497310072469,2.7795473275118945,12.353144551413529,RK Puram
2026-09-09 17:07:23.493492,site_118,140.61341947782265,163.27627447045282,32.09041679553888,91.07296034816589,0.989656229037729,43.69910457368908,RK Puram
2026-09-09 18:07:23.493492,site_118,347.52668234628186,271.57719867462174,86.96385228880183,89.95856874939976,3.6333247007033123,38.788914734739535,RK Puram
2026-09-09 19:07:23.493492,site_118,144.60689144674967,520.1073131804396,55.536652830818134,45.159887052219965,4.197450257554252,36.240832110821046,RK Puram
2026-09-09 20:07:23.493492,site_118,360.8977610400501,513.7688532868167,117.69207791169642,68.92104244920543,2.1949122409778896,10.872934573233366,RK Puram
2026-09-09 21:07:23.493492,site_118,154.696296448029,584.1399784870475,99.19199280416571,31.181242564918804,3.9102957663880114,46.428599365991964,RK Puram
2026-09-09 22:07:23.493492,site_118,62.470891234723574,425.9111446825407,43.84506070032189,24.76093530635379,1.7363389628166004,10.410381264997827,RK Puram
2026-09-09 23:07:23.493492,site_118,355.0729091433448,319.4946486459625,128.4564312027833,12.211254590596212,4.325182408145131,15.305078338763666,RK Puram
2026-09-10 00:07:23.493492,site_118,388.23566826648056,233.369660980743,102.82312993502136,60.71331652875857,3.75149268918571,39.30728630717426,RK Puram
2026-09-10 01:07:23.493492,site_118,143.85853977168378,591.4420841602116,118.98800855814878,56.012230505909756,2.7321670099058637,47.336793338849574,RK Puram
2026-09-10 02:07:23.493492,site_118,266.40840547540347,489.5638734500394,123.09520507989272,87.2125997929335,2.882392145780165,40.32849915200492,RK Puram
2026-09-10 03:07:23.493492,site_118,202.03309210731177,122.41662469796896,53.73203122568542,55.972359581093315,2.9149618253039002,19.817604654050417,RK Puram
2026-09-10 04:07:23.493492,site_118,193.68641122672054,219.29090347291765,104.66045057276702,30.834280311038057,3.722430427059617,44.605327331926034,RK Puram
2026-09-10 05:07:23.493492,site_118,349.5495798203629,430.106824439869,82.78799913700675,70.72954689573328,2.6531642629825862,46.02044282512578,RK Puram
2026-09-10 06:07:23.493492,site_118,174.52688544162572,271.74015338291844,65.11939797466607,28.500530831041107,4.174077141543709,22.64078240417538,RK Puram
2026-09-10 07:07:23.493492,site_118,188.62418890867252,231.70908080696225,111.65354919294877,61.565251726903945,2.9867332629278005,15.651192346942896,RK Puram
2026-09-10 08:07:23.493492,site_118,399.3277483163744,506.8670933631919,35.026255898974725,63.292097496895,1.7648719875174876,13.434231530033438,RK Puram
2026-09-10 09:07:23.493492,site_118,193.14723775637844,252.9822759592598,120.6850606359347,90.03693572675753,1.1222463850601367,35.41930878087935,RK Puram
2026-09-10 10:07:23.493492,site_118,77.77441685123559,517.2367966960503,31.33116672738526,61.144507977492935,2.630088902069104,22.342859458711793,RK Puram
2026-09-10 11:07:23.493492,site_118,360.56780266962545,372.61451973879025,44.51910014916399,60.473539547296184,4.437755878799097,13.240924394898078,RK Puram
2026-09-10 12:07:23.493492,site_118,320.52333143533457,569.9434596237477,22.893269858857785,77.6946068423972,3.4997504814504006,45.82627985648673,RK Puram
2026-09-10 13:07:23.493492,site_118,96.5524942639039,169.29553214099948,42.05140833793149,26.044338865224073,1.372774065890951,33.979177600005485,RK Puram
2026-09-10 14:07:23.493492,site_118,158.1900506025181,580.1199813959294,58.78501449615522,80.75897137729132,3.40522337710759,34.66865794034402,RK Puram
2026-09-10 15:07:23.493492,site_118,56.037010567944584,278.2815151346507,79.54006543148553,55.17893574407805,1.9372207923654539,10.216985907265656,RK Puram
2026-09-10 16:07:23.493492,site_118,238.51995374100937,411.7678978249425,63.5040921822099,97.49719855857612,2.84717376811376,18.62537044143746,RK Puram
2026-09-10 17:07:23.493492,site_118,251.1144082294719,125.74694777336205,114.81006125157472,59.466746175246584,0.7335275448369998,20.758673865678855,RK Puram
2026-09-10 18:07:23.493492,site_118,212.62097689672277,478.14570436209385,96.33212555172344,39.612709136194404,3.7545031457784703,31.25102352058031,RK Puram
2026-09-10 19:07:23.493492,site_118,273.70751462593097,322.0630996090664,27.353798015355498,50.52158994489365,3.158884953426177,5.928627313185847,RK Puram
2026-09-10 20:07:23.493492,site_118,307.0459260737559,546.4388107295572,65.52077030432082,56.77685996587025,0.509929550914318,11.829011924587961,RK Puram
2026-09-10 21:07:23.493492,site_118,372.97664264526986,272.7643691152409,103.71599004294465,75.62750684839995,0.5405247719949069,25.4483747810655,RK Puram
2026-09-10 22:07:23.493492,site_118,367.8534133109443,109.30507571711642,105.11781256888534,71.74973304915352,4.850004022456543,49.724264053690796,RK Puram
2026-09-10 23:07:23.493492,site_118,252.41544453973992,211.3419396901404,53.534200290635276,92.04356829492423,2.007882624053323,47.02140079871038,RK Puram
2026-09-11 00:07:23.493492,site_118,305.97961356406756,505.8353165944662,69.79011534775569,51.09633969493222,3.164244346893957,15.579067855019389,RK Puram
2026-09-11 01:07:23.493492,site_118,365.35513755715033,572.8721517875631,116.65178893077653,92.6220073526646,4.406250600970083,8.014311811784353,RK Puram
2026-09-11 02:07:23.493492,site_118,352.30054183709416,472.68016857581136,57.93045425896361,86.87724951644633,2.4313032112173745,45.38841619061841,RK Puram
2026-09-11 03:07:23.493492,site_118,267.10223098149856,128.06804452604823,99.40332166596498,16.986329926300733,4.820533009359444,42.960700894435135,RK Puram
2026-09-11 04:07:23.493492,site_118,219.02130217025112,455.260595560694,142.4002315300076,34.64509372285176,1.966404127516907,22.829087210055743,RK Puram
2026-09-11 05:07:23.493492,site_118,108.86690334314991,353.9576298174642,133.05343925495413,61.11793014510903,3.3165188695278642,6.240950090194718,RK Puram
2026-09-11 06:07:23.493492,site_118,208.70364423242538,404.1272091039587,122.79115139578788,29.623545764814697,2.1920201831655572,18.532453952547755,RK Puram
2026-09-11 07:07:23.493492,site_118,186.41722845675005,327.7703201418011,129.9499157729785,82.15097620397886,2.145319131631254,19.450606367918716,RK Puram
2026-09-11 08:07:23.493492,site_118,302.77498457736374,417.756756799539,61.793054450088775,53.744148338901695,3.4697863192816705,47.982717586469384,RK Puram
2026-09-11 09:07:23.493492,site_118,335.0750744720484,298.02928039248496,139.5228419444083,30.59387774971253,1.2371867431243702,9.371433795970532,RK Puram
2026-09-11 10:07:23.493492,site_118,157.14240681607427,271.30893528182776,29.166902866682882,39.651017122174544,1.0926127324681523,15.369888013051437,RK Puram
2026-09-11 11:07:23.493492,site_118,218.62088090023516,195.79639589355793,70.54658971233688,35.89613205199058,2.0033602079047563,20.107998833238078,RK Puram
2026-09-11 12:07:23.493492,site_118,342.26100462733854,437.902628788961,70.4790560336273,93.77106135771152,2.3045893819500263,18.604641716346038,RK Puram
2026-09-11 13:07:23.493492,site_118,84.72135361908965,111.68269887566825,50.553524819899735,86.70215744858204,2.971261404811693,7.205331186761417,RK Puram
2026-09-11 14:07:23.493492,site_118,373.2133768307456,275.7498176709855,70.91182108646223,32.7395477203773,2.3378961356400736,30.450211827503495,RK Puram
2026-09-11 15:07:23.493492,site_118,381.36611085173286,105.5030519733551,69.21324326484381,65.50788870893292,1.8672792104834668,21.532364093306295,RK Puram
2026-09-11 16:07:23.493492,site_118,360.0720971949274,510.94300589419083,29.05413155412107,48.17365811676693,0.795961897556985,25.532189072213804,RK Puram
2026-09-11 17:07:23.493492,site_118,153.0137279434747,250.53934040893196,133.17707795890357,88.82038354261135,4.650376323751024,19.129647449906443,RK Puram
2026-09-11 18:07:23.493492,site_118,251.26076721395427,296.82036749313227,77.03031343507271,76.34853470189422,1.0752619856327323,38.68416989272606,RK Puram
2026-09-11 19:07:23.493492,site_118,387.3156668299181,371.7818087128515,56.07779331535257,26.66754875033225,3.7191127715690424,47.76030334824092,RK Puram
2026-09-11 20:07:23.493492,site_118,278.26275030481327,264.1230354095197,25.722863840622523,69.28140632063501,0.8227639426054503,29.542752549872862,RK Puram
2026-09-11 21:07:23.493492,site_118,200.04577962361037,390.77821324657896,77.22211916802985,68.45331193584424,4.409637408836257,7.538697931144648,RK Puram
2026-09-11 22:07:23.493492,site_118,97.6511672042906,265.8029008182483,117.52056022580791,19.17390208588588,1.396810858325069,24.123217614533292,RK Puram
2026-09-11 23:07:23.493492,site_118,374.49365420053823,510.482115085331,142.4298717776174,90.84652687925109,2.272708448536859,14.063977266797547,RK Puram
2026-09-12 00:07:23.493492,site_118,132.9341156685216,318.46555680454514,118.70717070251263,90.6470254734103,4.1986810366345555,46.893401509233314,RK Puram
2026-09-12 01:07:23.493492,site_118,137.02562220996765,180.035048366355,115.7042237187826,22.375967942102385,2.7615657766190793,24.598858027825678,RK Puram
2026-09-12 02:07:23.493492,site_118,206.4599588711494,110.0134092173118,20.262794772471462,66.96609162991203,0.9340411406716559,38.57586075710347,RK Puram
2026-09-12 03:07:23.493492,site_118,363.7009729380297,195.61157095581206,21.534070470120223,50.530700386179014,2.2534754099575913,29.489747059766945,RK Puram
2026-09-12 04:07:23.493492,site_118,151.8344588411034,583.7124232624211,74.37594124510852,26.438189199121794,4.231784387371971,17.56902762388974,RK Puram
2026-09-12 05:07:23.493492,site_118,336.2572231743273,236.24209494954152,66.14463751193594,73.84830245452406,0.7037447600793435,9.16006518312212,RK Puram
2026-09-12 06:07:23.493492,site_118,341.87884151017636,436.80359253238896,115.25319698476365,63.933702554802714,3.08718928913223,24.807533645057926,RK Puram
2026-09-12 07:07:23.493492,site_118,157.82195700749222,383.8283086623873,90.23142563831867,67.0204226514319,2.7255222027544344,30.753985491049598,RK Puram
2026-09-12 08:07:23.493492,site_118,374.60565614849725,531.1207593989473,71.61508833377249,32.61294423361899,1.7612237671477238,49.42354713304395,RK Puram
2026-09-12 09:07:23.493492,site_118,71.32152483863408,413.98267120397264,23.73597703806793,37.292688681439714,4.227709635838467,8.219382621673695,RK Puram
2026-09-12 10:07:23.493492,site_118,243.14928616294654,515.815972004071,71.6008686020101,93.46453490629693,3.6731685562257774,16.538182769448596,RK Puram
